karma-jquery-2.1.conf.js,
karma-modules-ngMock.conf.js,
karma-shared.conf.js,
karma-modules-ngAnimate.conf.js,
karma-docs.conf.js,
lib/grunt/validate-angular-files.js,
lib/grunt/utils.js,
lib/grunt/plugins.js,
lib/browserstack/start_tunnel.js,
lib/versions/version-info.js,
lib/promises-aplus/promises-aplus-test-adapter.js,
karma-jqlite.conf.js,
i18n/e2e/i18n-e2e.js,
i18n/spec/parserSpec.js,
i18n/spec/converterSpec.js,
i18n/spec/closureI18nExtractorSpec.js,
i18n/closure/pluralRules.js,
i18n/closure/datetimeSymbolsExt.js,
i18n/closure/numberSymbolsExt.js,
i18n/closure/currencySymbols.js,
i18n/closure/numberSymbols.js,
i18n/closure/datetimeSymbols.js,
i18n/ucd/spec/extactValuesSpec.js,
i18n/ucd/spec/generateCodeSpec.js,
i18n/ucd/src/extractValues.js,
i18n/ucd/src/generateCode.js,
i18n/ucd/src/extract.js,
i18n/src/parser.js,
i18n/src/closureSlurper.js,
i18n/src/closureI18nExtractor.js,
i18n/src/converter.js,
protractor-travis-conf.js,
test/BinderSpec.js,
test/e2e/tests/angularjs-already-loaded.spec.js,
test/e2e/tests/input-hidden.spec.js,
test/e2e/tests/http.spec.js,
test/e2e/tests/ng-jq.spec.js,
test/e2e/tests/version.spec.js,
test/e2e/tests/base-tag.spec.js,
test/e2e/tests/loader.spec.js,
test/e2e/tests/anchor-scroll.spec.js,
test/e2e/tests/helpers/main.js,
test/e2e/tests/ng-route-promise.spec.js,
test/e2e/tests/directive-require-html.spec.js,
test/e2e/tests/sample.spec.js,
test/e2e/tests/ready.spec.js,
test/e2e/fixtures/base-tag/script.js,
test/e2e/fixtures/loader/script.js,
test/e2e/fixtures/ng-jq-jquery/script.js,
test/e2e/fixtures/anchor-scroll/script.js,
test/e2e/fixtures/directive-require-html/script.js,
test/e2e/fixtures/back2dom/script.js,
test/e2e/fixtures/ready/script.js,
test/e2e/fixtures/ng-jq/script.js,
test/e2e/fixtures/angularjs-already-loaded/script.js,
test/e2e/fixtures/ng-route-promise/script.js,
test/e2e/fixtures/anchor-scroll-y-offset/script.js,
test/e2e/fixtures/sample/script.js,
test/e2e/fixtures/http/script.js,
test/e2e/tools/util.js,
test/e2e/tools/index.js,
test/e2e/tools/middleware.js,
test/e2e/tools/fixture.js,
test/ngMessages/messagesSpec.js,
test/ng/filterSpec.js,
test/ng/httpSpec.js,
test/ng/intervalSpec.js,
test/ng/locationSpec.js,
test/ng/ngOnSpec.js,
test/ng/logSpec.js,
test/ng/animateRunnerSpec.js,
test/ng/urlUtilsSpec.js,
test/ng/httpBackendSpec.js,
test/ng/snifferSpec.js,
test/ng/directive/ngIfSpec.js,
test/ng/directive/ngStyleSpec.js,
test/ng/directive/ngIncludeSpec.js,
test/ng/directive/ngPluralizeSpec.js,
test/ng/directive/ngNonBindableSpec.js,
test/ng/directive/ngOptionsSpec.js,
test/ng/directive/ngListSpec.js,
test/ng/directive/ngHrefSpec.js,
test/ng/directive/ngCloakSpec.js,
test/ng/directive/selectSpec.js,
test/ng/directive/ngClickSpec.js,
test/ng/directive/validatorsSpec.js,
test/ng/directive/ngClassSpec.js,
test/ng/directive/ngShowHideSpec.js,
test/ng/directive/ngRefSpec.js,
test/ng/directive/ngKeySpec.js,
test/ng/directive/aSpec.js,
test/ng/directive/ngEventDirsSpec.js,
test/ng/directive/ngModelSpec.js,
test/ng/directive/ngSrcSpec.js,
test/ng/directive/ngControllerSpec.js,
test/ng/directive/formSpec.js,
test/ng/directive/scriptSpec.js,
test/ng/directive/ngRepeatSpec.js,
test/ng/directive/ngInitSpec.js,
test/ng/directive/inputSpec.js,
test/ng/directive/styleSpec.js,
test/ng/directive/booleanAttrsSpec.js,
test/ng/directive/ngModelOptionsSpec.js,
test/ng/directive/ngBindSpec.js,
test/ng/directive/ngChangeSpec.js,
test/ng/directive/ngSrcsetSpec.js,
test/ng/directive/ngSwitchSpec.js,
test/ng/localeSpec.js,
test/ng/rootElementSpec.js,
test/ng/anchorScrollSpec.js,
test/ng/rootScopeSpec.js,
test/ng/testabilitySpec.js,
test/ng/filter/filterSpec.js,
test/ng/filter/orderBySpec.js,
test/ng/filter/filtersSpec.js,
test/ng/filter/limitToSpec.js,
test/ng/interpolateSpec.js,
test/ng/cacheFactorySpec.js,
test/ng/animateSpec.js,
test/ng/documentSpec.js,
test/ng/forceReflowSpec.js,
test/ng/browserSpecs.js,
test/ng/cookieReaderSpec.js,
test/ng/sanitizeUriSpec.js,
test/ng/animateCssSpec.js,
test/ng/timeoutSpec.js,
test/ng/ngPropSpec.js,
test/ng/windowSpec.js,
test/ng/parseSpec.js,
test/ng/jsonpCallbacksSpec.js,
test/ng/qSpec.js,
test/ng/compileSpec.js,
test/ng/templateRequestSpec.js,
test/ng/controllerSpec.js,
test/ng/sceSpecs.js,
test/ng/rafSpec.js,
test/ng/exceptionHandlerSpec.js,
test/auto/injectorSpec.js,
test/jqLiteSpec.js,
test/ngTouch/directive/ngSwipeSpec.js,
test/ngTouch/swipeSpec.js,
test/minErrSpec.js,
test/ngAnimate/animationHelperFunctionsSpec.js,
test/ngAnimate/ngAnimateSwapSpec.js,
test/ngAnimate/animateCssDriverSpec.js,
test/ngAnimate/integrationSpec.js,
test/ngAnimate/animateCacheSpec.js,
test/ngAnimate/rafSchedulerSpec.js,
test/ngAnimate/animateSpec.js,
test/ngAnimate/animateCssSpec.js,
test/ngAnimate/animateJsDriverSpec.js,
test/ngAnimate/animateJsSpec.js,
test/ngAnimate/animationSpec.js,
test/ngCookies/cookiesSpec.js,
test/ngCookies/cookieWriterSpec.js,
test/AngularSpec.js,
test/ngSanitize/directive/ngBindHtmlSpec.js,
test/ngSanitize/filter/linkySpec.js,
test/ngSanitize/sanitizeSpec.js,
test/ngAria/ariaSpec.js,
test/modules/no_bootstrap.js,
test/ApiSpecs.js,
test/jquery_alias.js,
test/helpers/supportSpec.js,
test/helpers/matchers.js,
test/helpers/privateMocks.js,
test/helpers/support.js,
test/helpers/testabilityPatch.js,
test/helpers/privateMocksSpec.js,
test/ngRoute/directive/ngViewSpec.js,
test/ngRoute/routeParamsSpec.js,
test/ngRoute/routeSpec.js,
test/ngMock/angular-mocksSpec.js,
test/jquery_remove.js,
test/jQueryPatchSpec.js,
test/stringifySpec.js,
test/ngMessageFormat/messageFormatSpec.js,
test/loaderSpec.js,
test/ngResource/resourceSpec.js,
protractor-conf.js,
karma-jquery.conf.js,
benchmarks/repeat-animate-bp/bp.conf.js,
benchmarks/repeat-animate-bp/app.js,
benchmarks/repeat-animate-bp/app-classfilter.js,
benchmarks/repeat-animate-bp/common.js,
benchmarks/repeat-animate-bp/app-noanimate.js,
benchmarks/ng-options-bp/bp.conf.js,
benchmarks/ng-options-bp/app.js,
benchmarks/ng-class-bp/bp.conf.js,
benchmarks/ng-class-bp/app.js,
benchmarks/orderby-bp/bp.conf.js,
benchmarks/orderby-bp/app.js,
benchmarks/orderby-bp/jquery-noop.js,
benchmarks/parsed-expressions-bp/bp.conf.js,
benchmarks/parsed-expressions-bp/app.js,
benchmarks/bootstrap-compile-bp/bp.conf.js,
benchmarks/bootstrap-compile-bp/app.js,
benchmarks/event-delegation-bp/bp.conf.js,
benchmarks/event-delegation-bp/app.js,
benchmarks/select-ng-value-bp/bp.conf.js,
benchmarks/select-ng-value-bp/app.js,
benchmarks/largetable-bp/bp.conf.js,
benchmarks/largetable-bp/app.js,
benchmarks/largetable-bp/jquery-noop.js,
benchmarks/animation-bp/bp.conf.js,
benchmarks/animation-bp/app.js,
benchmarks/animation-bp/jquery-noop.js,
protractor-shared-conf.js,
karma-jquery.conf-factory.js,
angularFiles.js,
karma-jquery-2.2.conf.js,
scripts/angular.js,
scripts/code.angularjs.org-firebase/functions/index.js,
scripts/docs.angularjs.org-firebase/functions/index.js,
scripts/compare-master-to-stable.js,
Gruntfile.js,
docs/gulpfile.js,
docs/config/tag-defs/deprecated.js,
docs/config/tag-defs/deprecated.spec.js,
docs/config/tag-defs/sortOrder.js,
docs/config/tag-defs/tutorial-step.js,
docs/config/tag-defs/this.js,
docs/config/tag-defs/installation.js,
docs/config/templates/app/angular-service.template.js,
docs/config/templates/app/pages-data.template.js,
docs/config/templates/app/nav-data.template.js,
docs/config/templates/examples/template.js,
docs/config/templates/examples/protractorTests.template.js,
docs/config/services/getVersion.js,
docs/config/services/getMinerrInfo.js,
docs/config/services/deployments/production.js,
docs/config/services/deployments/jquery.js,
docs/config/services/deployments/default.js,
docs/config/services/deployments/test.js,
docs/config/services/deployments/debug.js,
docs/config/services/errorNamespaceMap.js,
docs/config/processors/versions-data.js,
docs/config/processors/index-page.js,
docs/config/processors/keywords.js,
docs/config/processors/pages-data.js,
docs/config/processors/error-docs.js,
docs/config/processors/sitemap.js,
docs/config/index.js,
docs/config/inline-tag-defs/type.js,
docs/app/e2e/app.scenario.js,
docs/app/e2e/table-of-contents.scenario.js,
docs/app/e2e/api-docs/api-pages.scenario.js,
docs/app/e2e/api-docs/service-pages.scenario.js,
docs/app/e2e/api-docs/provider-pages.scenario.js,
docs/app/e2e/api-docs/directive-pages.scenario.js,
docs/app/test/errorsSpec.js,
docs/app/test/directivesSpec.js,
docs/app/test/docsSpec.js,
docs/app/assets/js/search-worker.js,
docs/app/assets/js/angular-bootstrap/dropdown-toggle.js,
docs/app/src/examples.js,
docs/app/src/docs.js,
docs/app/src/app.js,
docs/app/src/search.js,
docs/app/src/directives.js,
docs/app/src/versions.js,
docs/app/src/errors.js,
docs/app/src/tutorials.js,
docs/protractor-conf.js,
karma-modules.conf.js,
src/ngParseExt/ucd.js,
src/ngParseExt/module.js,
src/ngMessages/messages.js,template 
src/ng/taskTrackerFactory.js,
src/ng/filter.js,
src/ng/sniffer.js,
src/ng/animate.js,
src/ng/document.js,
src/ng/interpolate.js,
src/ng/directive/ngChange.js,
src/ng/directive/ngList.js,
src/ng/directive/ngNonBindable.js,
src/ng/directive/ngPluralize.js,
src/ng/directive/script.js,
src/ng/directive/attrs.js,
src/ng/directive/ngBind.js,
src/ng/directive/ngClass.js,
src/ng/directive/ngIf.js,
src/ng/directive/directives.js,
src/ng/directive/ngInclude.js,
src/ng/directive/ngRef.js,
src/ng/directive/ngModel.js,
src/ng/directive/ngShowHide.js,
src/ng/directive/ngSwitch.js,
src/ng/directive/ngCloak.js,
src/ng/directive/ngModelOptions.js,
src/ng/directive/ngEventDirs.js,
src/ng/directive/validators.js,
src/ng/directive/ngRepeat.js,
src/ng/directive/ngInit.js,
src/ng/directive/form.js,
src/ng/directive/ngCsp.js,
src/ng/directive/input.js,
src/ng/directive/ngController.js,
src/ng/directive/ngStyle.js,
src/ng/directive/a.js,
src/ng/directive/select.js,
src/ng/directive/ngOptions.js,
src/ng/directive/ngTransclude.js,
src/ng/log.js,
src/ng/browser.js,
src/ng/locale.js,
src/ng/sanitizeUri.js,
src/ng/anchorScroll.js,
src/ng/intervalFactory.js,
src/ng/filter/filter.js,
src/ng/filter/orderBy.js,
src/ng/filter/limitTo.js,
src/ng/filter/filters.js,
src/ng/compile.js,
src/ng/forceReflow.js,
src/ng/parse.js,
src/ng/q.js,
src/ng/httpBackend.js,
src/ng/templateRequest.js,
src/ng/testability.js,
src/ng/rootElement.js,
src/ng/cacheFactory.js,
src/ng/window.js,
src/ng/animateRunner.js,
src/ng/http.js,
src/ng/controller.js,
src/ng/location.js,
src/ng/animateCss.js,
src/ng/exceptionHandler.js,
src/ng/urlUtils.js,
src/ng/sce.js,
src/ng/jsonpCallbacks.js,
src/ng/timeout.js,
src/ng/rootScope.js,
src/ng/raf.js,
src/ng/cookieReader.js,
src/ng/interval.js,
src/AngularPublic.js,
src/Angular.js,
src/publishExternalApis.js,
src/auto/injector.js,
src/ngTouch/directive/ngSwipe.js,
src/ngTouch/swipe.js,
src/ngTouch/touch.js,
src/ngAnimate/animateChildrenDirective.js,
src/ngAnimate/animateCache.js,
src/ngAnimate/shared.js,
src/ngAnimate/animation.js,
src/ngAnimate/animateJs.js,
src/ngAnimate/animateCss.js,
src/ngAnimate/rafScheduler.js,
src/ngAnimate/ngAnimateSwap.js,
src/ngAnimate/animateJsDriver.js,
src/ngAnimate/animateQueue.js,
src/ngAnimate/animateCssDriver.js,
src/ngAnimate/module.js,
src/minErr.js,
src/ngCookies/cookies.js,
src/ngCookies/cookieWriter.js,
src/ngSanitize/filter/linky.js,
src/ngSanitize/sanitize.js,
src/ngAria/aria.js,
src/ngRoute/routeParams.js,
src/ngRoute/directive/ngView.js,
src/ngRoute/route.js,
src/ngMock/angular-mocks.js,
src/ngMock/browserTrigger.js,
src/stringify.js,
src/jqLite.js,
src/loader.js,
src/angular.bind.js,
src/routeToRegExp.js,
src/ngMessageFormat/messageFormatInterpolationParts.js,
src/ngMessageFormat/messageFormatSelector.js,
src/ngMessageFormat/messageFormatParser.js,
src/ngMessageFormat/messageFormatCommon.js,
src/ngMessageFormat/messageFormatService.js,
src/ngLocale/angular-locale_en-zw.js,
src/ngLocale/angular-locale_es-gt.js,
src/ngLocale/angular-locale_ce.js,
src/ngLocale/angular-locale_en-mu.js,
src/ngLocale/angular-locale_cy-gb.js,
src/ngLocale/angular-locale_rwk.js,
src/ngLocale/angular-locale_se-se.js,
src/ngLocale/angular-locale_en.js,
src/ngLocale/angular-locale_zh-hans.js,
src/ngLocale/angular-locale_dua.js,
src/ngLocale/angular-locale_ar-sd.js,
src/ngLocale/angular-locale_luy-ke.js,
src/ngLocale/angular-locale_bo-cn.js,
src/ngLocale/angular-locale_el-gr.js,
src/ngLocale/angular-locale_shi-tfng.js,
src/ngLocale/angular-locale_jmc.js,
src/ngLocale/angular-locale_ne-np.js,
src/ngLocale/angular-locale_gsw-fr.js,
src/ngLocale/angular-locale_lrc-ir.js,
src/ngLocale/angular-locale_sk.js,
src/ngLocale/angular-locale_ka-ge.js,
src/ngLocale/angular-locale_en-fm.js,
src/ngLocale/angular-locale_sn.js,
src/ngLocale/angular-locale_fr-tn.js,
src/ngLocale/angular-locale_yav.js,
src/ngLocale/angular-locale_en-001.js,
src/ngLocale/angular-locale_ru-md.js,
src/ngLocale/angular-locale_ln-cd.js,
src/ngLocale/angular-locale_te.js,
src/ngLocale/angular-locale_sg.js,
src/ngLocale/angular-locale_br.js,
src/ngLocale/angular-locale_sw.js,
src/ngLocale/angular-locale_es-bz.js,
src/ngLocale/angular-locale_mua-cm.js,
src/ngLocale/angular-locale_mo.js,
src/ngLocale/angular-locale_dsb.js,
src/ngLocale/angular-locale_de-ch.js,
src/ngLocale/angular-locale_ja.js,
src/ngLocale/angular-locale_dua-cm.js,
src/ngLocale/angular-locale_lg-ug.js,
src/ngLocale/angular-locale_hr-ba.js,
src/ngLocale/angular-locale_be.js,
src/ngLocale/angular-locale_tzm.js,
src/ngLocale/angular-locale_nn.js,
src/ngLocale/angular-locale_so-so.js,
src/ngLocale/angular-locale_ckb-arab.js,
src/ngLocale/angular-locale_agq-cm.js,
src/ngLocale/angular-locale_sr.js,
src/ngLocale/angular-locale_ar-ly.js,
src/ngLocale/angular-locale_en-gd.js,
src/ngLocale/angular-locale_asa.js,
src/ngLocale/angular-locale_br-fr.js,
src/ngLocale/angular-locale_ksf.js,
src/ngLocale/angular-locale_ksb.js,
src/ngLocale/angular-locale_nl-cw.js,
src/ngLocale/angular-locale_ro-md.js,
src/ngLocale/angular-locale_kok.js,
src/ngLocale/angular-locale_nd-zw.js,
src/ngLocale/angular-locale_bs-cyrl.js,
src/ngLocale/angular-locale_vai-vaii.js,
src/ngLocale/angular-locale_fr-nc.js,
src/ngLocale/angular-locale_kea-cv.js,
src/ngLocale/angular-locale_ee-tg.js,
src/ngLocale/angular-locale_vai-vaii-lr.js,
src/ngLocale/angular-locale_nmg-cm.js,
src/ngLocale/angular-locale_ms-bn.js,
src/ngLocale/angular-locale_en-vu.js,
src/ngLocale/angular-locale_hu-hu.js,
src/ngLocale/angular-locale_en-mo.js,
src/ngLocale/angular-locale_pl-pl.js,
src/ngLocale/angular-locale_fr-re.js,
src/ngLocale/angular-locale_en-bw.js,
src/ngLocale/angular-locale_bo-in.js,
src/ngLocale/angular-locale_ckb-iq.js,
src/ngLocale/angular-locale_fy.js,
src/ngLocale/angular-locale_agq.js,
src/ngLocale/angular-locale_zh-tw.js,
src/ngLocale/angular-locale_ne-in.js,
src/ngLocale/angular-locale_ug-cn.js,
src/ngLocale/angular-locale_fr-ml.js,
src/ngLocale/angular-locale_en-de.js,
src/ngLocale/angular-locale_ga-ie.js,
src/ngLocale/angular-locale_pt.js,
src/ngLocale/angular-locale_ar-il.js,
src/ngLocale/angular-locale_dav-ke.js,
src/ngLocale/angular-locale_os-ge.js,
src/ngLocale/angular-locale_es-py.js,
src/ngLocale/angular-locale_fr-yt.js,
src/ngLocale/angular-locale_ii.js,
src/ngLocale/angular-locale_lkt-us.js,
src/ngLocale/angular-locale_ks.js,
src/ngLocale/angular-locale_da.js,
src/ngLocale/angular-locale_el-cy.js,
src/ngLocale/angular-locale_hy-am.js,
src/ngLocale/angular-locale_teo-ug.js,
src/ngLocale/angular-locale_en-sl.js,
src/ngLocale/angular-locale_kl-gl.js,
src/ngLocale/angular-locale_shi-latn-ma.js,
src/ngLocale/angular-locale_se-fi.js,
src/ngLocale/angular-locale_fr-cm.js,
src/ngLocale/angular-locale_en-gm.js,
src/ngLocale/angular-locale_fr-pm.js,
src/ngLocale/angular-locale_sah.js,
src/ngLocale/angular-locale_ar-ps.js,
src/ngLocale/angular-locale_km.js,
src/ngLocale/angular-locale_en-gi.js,
src/ngLocale/angular-locale_en-mw.js,
src/ngLocale/angular-locale_ps-af.js,
src/ngLocale/angular-locale_fr-bj.js,
src/ngLocale/angular-locale_af-za.js,
src/ngLocale/angular-locale_fr-cg.js,
src/ngLocale/angular-locale_ps.js,
src/ngLocale/angular-locale_uz-latn-uz.js,
src/ngLocale/angular-locale_en-bz.js,
src/ngLocale/angular-locale_en-as.js,
src/ngLocale/angular-locale_fr-km.js,
src/ngLocale/angular-locale_or.js,
src/ngLocale/angular-locale_bg.js,
src/ngLocale/angular-locale_ckb-arab-ir.js,
src/ngLocale/angular-locale_da-gl.js,
src/ngLocale/angular-locale_rw-rw.js,
src/ngLocale/angular-locale_ar-lb.js,
src/ngLocale/angular-locale_ti-er.js,
src/ngLocale/angular-locale_nds-nl.js,
src/ngLocale/angular-locale_en-tk.js,
src/ngLocale/angular-locale_it-it.js,
src/ngLocale/angular-locale_zh.js,
src/ngLocale/angular-locale_fr-mf.js,
src/ngLocale/angular-locale_bem.js,
src/ngLocale/angular-locale_en-im.js,
src/ngLocale/angular-locale_id.js,
src/ngLocale/angular-locale_ja-jp.js,
src/ngLocale/angular-locale_lg.js,
src/ngLocale/angular-locale_en-sc.js,
src/ngLocale/angular-locale_en-um.js,
src/ngLocale/angular-locale_en-rw.js,
src/ngLocale/angular-locale_om.js,
src/ngLocale/angular-locale_ln-ao.js,
src/ngLocale/angular-locale_ar-dj.js,
src/ngLocale/angular-locale_vi.js,
src/ngLocale/angular-locale_en-tt.js,
src/ngLocale/angular-locale_mt-mt.js,
src/ngLocale/angular-locale_sw-tz.js,
src/ngLocale/angular-locale_en-tv.js,
src/ngLocale/angular-locale_fr-mr.js,
src/ngLocale/angular-locale_en-je.js,
src/ngLocale/angular-locale_yav-cm.js,
src/ngLocale/angular-locale_yue-hk.js,
src/ngLocale/angular-locale_en-ai.js,
src/ngLocale/angular-locale_pt-gq.js,
src/ngLocale/angular-locale_en-fk.js,
src/ngLocale/angular-locale_bem-zm.js,
src/ngLocale/angular-locale_lag.js,
src/ngLocale/angular-locale_fr-gq.js,
src/ngLocale/angular-locale_ta-in.js,
src/ngLocale/angular-locale_guz-ke.js,
src/ngLocale/angular-locale_fr-be.js,
src/ngLocale/angular-locale_ky.js,
src/ngLocale/angular-locale_es-ea.js,
src/ngLocale/angular-locale_ru-by.js,
src/ngLocale/angular-locale_ar-km.js,
src/ngLocale/angular-locale_rm.js,
src/ngLocale/angular-locale_sah-ru.js,
src/ngLocale/angular-locale_en-ch.js,
src/ngLocale/angular-locale_ru.js,
src/ngLocale/angular-locale_uz-cyrl-uz.js,
src/ngLocale/angular-locale_as-in.js,
src/ngLocale/angular-locale_fr-dj.js,
src/ngLocale/angular-locale_kln.js,
src/ngLocale/angular-locale_en-na.js,
src/ngLocale/angular-locale_ewo.js,
src/ngLocale/angular-locale_sr-cyrl.js,
src/ngLocale/angular-locale_ckb-arab-iq.js,
src/ngLocale/angular-locale_ckb.js,
src/ngLocale/angular-locale_nl-sr.js,
src/ngLocale/angular-locale_prg-001.js,
src/ngLocale/angular-locale_kw-gb.js,
src/ngLocale/angular-locale_es-gq.js,
src/ngLocale/angular-locale_fr-gn.js,
src/ngLocale/angular-locale_en-ag.js,
src/ngLocale/angular-locale_bm-ml.js,
src/ngLocale/angular-locale_en-dm.js,
src/ngLocale/angular-locale_en-nf.js,
src/ngLocale/angular-locale_dyo-sn.js,
src/ngLocale/angular-locale_sl.js,
src/ngLocale/angular-locale_zh-hans-sg.js,
src/ngLocale/angular-locale_de.js,
src/ngLocale/angular-locale_prg.js,
src/ngLocale/angular-locale_de-li.js,
src/ngLocale/angular-locale_ru-kz.js,
src/ngLocale/angular-locale_fr-ci.js,
src/ngLocale/angular-locale_en-ck.js,
src/ngLocale/angular-locale_en-zm.js,
src/ngLocale/angular-locale_pt-cv.js,
src/ngLocale/angular-locale_fa-ir.js,
src/ngLocale/angular-locale_sv-fi.js,
src/ngLocale/angular-locale_ar-kw.js,
src/ngLocale/angular-locale_el.js,
src/ngLocale/angular-locale_be-by.js,
src/ngLocale/angular-locale_ar-eh.js,
src/ngLocale/angular-locale_fr-mu.js,
src/ngLocale/angular-locale_sq.js,
src/ngLocale/angular-locale_chr.js,
src/ngLocale/angular-locale_fr-mq.js,
src/ngLocale/angular-locale_rof-tz.js,
src/ngLocale/angular-locale_wae-ch.js,
src/ngLocale/angular-locale_fo-dk.js,
src/ngLocale/angular-locale_ast.js,
src/ngLocale/angular-locale_pt-ch.js,
src/ngLocale/angular-locale_ta-lk.js,
src/ngLocale/angular-locale_kab-dz.js,
src/ngLocale/angular-locale_hy.js,
src/ngLocale/angular-locale_ckb-latn-iq.js,
src/ngLocale/angular-locale_os.js,
src/ngLocale/angular-locale_fr-vu.js,
src/ngLocale/angular-locale_zu-za.js,
src/ngLocale/angular-locale_saq.js,
src/ngLocale/angular-locale_hu.js,
src/ngLocale/angular-locale_sv-ax.js,
src/ngLocale/angular-locale_fr-ga.js,
src/ngLocale/angular-locale_en-bs.js,
src/ngLocale/angular-locale_fr-cf.js,
src/ngLocale/angular-locale_en-dg.js,
src/ngLocale/angular-locale_fr-mc.js,
src/ngLocale/angular-locale_fi-fi.js,
src/ngLocale/angular-locale_en-mt.js,
src/ngLocale/angular-locale_nl-sx.js,
src/ngLocale/angular-locale_ta-my.js,
src/ngLocale/angular-locale_es-sv.js,
src/ngLocale/angular-locale_nyn.js,
src/ngLocale/angular-locale_es.js,
src/ngLocale/angular-locale_ak-gh.js,
src/ngLocale/angular-locale_fo.js,
src/ngLocale/angular-locale_bo.js,
src/ngLocale/angular-locale_fr-bf.js,
src/ngLocale/angular-locale_ckb-ir.js,
src/ngLocale/angular-locale_en-gy.js,
src/ngLocale/angular-locale_ksh.js,
src/ngLocale/angular-locale_uk-ua.js,
src/ngLocale/angular-locale_am-et.js,
src/ngLocale/angular-locale_en-gh.js,
src/ngLocale/angular-locale_zgh.js,
src/ngLocale/angular-locale_mk-mk.js,
src/ngLocale/angular-locale_fa.js,
src/ngLocale/angular-locale_ar-ae.js,
src/ngLocale/angular-locale_es-ic.js,
src/ngLocale/angular-locale_am.js,
src/ngLocale/angular-locale_az-cyrl-az.js,
src/ngLocale/angular-locale_so-ke.js,
src/ngLocale/angular-locale_kw.js,
src/ngLocale/angular-locale_fur-it.js,
src/ngLocale/angular-locale_rof.js,
src/ngLocale/angular-locale_sr-cyrl-rs.js,
src/ngLocale/angular-locale_ro-ro.js,
src/ngLocale/angular-locale_tzm-ma.js,
src/ngLocale/angular-locale_ks-in.js,
src/ngLocale/angular-locale_mn-mn.js,
src/ngLocale/angular-locale_ses-ml.js,
src/ngLocale/angular-locale_ms-sg.js,
src/ngLocale/angular-locale_jmc-tz.js,
src/ngLocale/angular-locale_vun-tz.js,
src/ngLocale/angular-locale_naq-na.js,
src/ngLocale/angular-locale_es-co.js,
src/ngLocale/angular-locale_en-in.js,
src/ngLocale/angular-locale_jgo.js,
src/ngLocale/angular-locale_ml.js,
src/ngLocale/angular-locale_fr-sc.js,
src/ngLocale/angular-locale_ca-es-valencia.js,
src/ngLocale/angular-locale_nl-nl.js,
src/ngLocale/angular-locale_es-bo.js,
src/ngLocale/angular-locale_en-sd.js,
src/ngLocale/angular-locale_brx-in.js,
src/ngLocale/angular-locale_en-cm.js,
src/ngLocale/angular-locale_ar-ye.js,
src/ngLocale/angular-locale_en-ie.js,
src/ngLocale/angular-locale_fr-td.js,
src/ngLocale/angular-locale_seh-mz.js,
src/ngLocale/angular-locale_zh-hk.js,
src/ngLocale/angular-locale_nd.js,
src/ngLocale/angular-locale_fr-sn.js,
src/ngLocale/angular-locale_en-hk.js,
src/ngLocale/angular-locale_in.js,
src/ngLocale/angular-locale_kok-in.js,
src/ngLocale/angular-locale_sh.js,
src/ngLocale/angular-locale_bn-in.js,
src/ngLocale/angular-locale_en-ug.js,
src/ngLocale/angular-locale_ka.js,
src/ngLocale/angular-locale_kl.js,
src/ngLocale/angular-locale_ca.js,
src/ngLocale/angular-locale_en-ky.js,
src/ngLocale/angular-locale_rn-bi.js,
src/ngLocale/angular-locale_smn.js,
src/ngLocale/angular-locale_pt-st.js,
src/ngLocale/angular-locale_en-cc.js,
src/ngLocale/angular-locale_ksh-de.js,
src/ngLocale/angular-locale_se.js,
src/ngLocale/angular-locale_bez.js,
src/ngLocale/angular-locale_lrc.js,
src/ngLocale/angular-locale_nb.js,
src/ngLocale/angular-locale_ms-my.js,
src/ngLocale/angular-locale_fo-fo.js,
src/ngLocale/angular-locale_en-sz.js,
src/ngLocale/angular-locale_khq-ml.js,
src/ngLocale/angular-locale_lo.js,
src/ngLocale/angular-locale_en-cx.js,
src/ngLocale/angular-locale_ar.js,
src/ngLocale/angular-locale_fr-ma.js,
src/ngLocale/angular-locale_mer.js,
src/ngLocale/angular-locale_mg.js,
src/ngLocale/angular-locale_en-fj.js,
src/ngLocale/angular-locale_gsw-ch.js,
src/ngLocale/angular-locale_en-gu.js,
src/ngLocale/angular-locale_es-do.js,
src/ngLocale/angular-locale_en-ke.js,
src/ngLocale/angular-locale_kam-ke.js,
src/ngLocale/angular-locale_mfe-mu.js,
src/ngLocale/angular-locale_yi-001.js,
src/ngLocale/angular-locale_ff-gn.js,
src/ngLocale/angular-locale_de-be.js,
src/ngLocale/angular-locale_sk-sk.js,
src/ngLocale/angular-locale_cs-cz.js,
src/ngLocale/angular-locale_ha-ng.js,
src/ngLocale/angular-locale_nus-ss.js,
src/ngLocale/angular-locale_brx.js,
src/ngLocale/angular-locale_it-sm.js,
src/ngLocale/angular-locale_en-ng.js,
src/ngLocale/angular-locale_es-ni.js,
src/ngLocale/angular-locale_vai.js,
src/ngLocale/angular-locale_bas.js,
src/ngLocale/angular-locale_en-my.js,
src/ngLocale/angular-locale_fr-ht.js,
src/ngLocale/angular-locale_teo.js,
src/ngLocale/angular-locale_om-et.js,
src/ngLocale/angular-locale_so-dj.js,
src/ngLocale/angular-locale_zu.js,
src/ngLocale/angular-locale_lv-lv.js,
src/ngLocale/angular-locale_uz.js,
src/ngLocale/angular-locale_km-kh.js,
src/ngLocale/angular-locale_en-mh.js,
src/ngLocale/angular-locale_zh-hant-tw.js,
src/ngLocale/angular-locale_lv.js,
src/ngLocale/angular-locale_ar-dz.js,
src/ngLocale/angular-locale_gsw-li.js,
src/ngLocale/angular-locale_es-mx.js,
src/ngLocale/angular-locale_lt-lt.js,
src/ngLocale/angular-locale_uk.js,
src/ngLocale/angular-locale_kam.js,
src/ngLocale/angular-locale_sw-ke.js,
src/ngLocale/angular-locale_dav.js,
src/ngLocale/angular-locale_qu-ec.js,
src/ngLocale/angular-locale_uz-cyrl.js,
src/ngLocale/angular-locale_ebu.js,
src/ngLocale/angular-locale_es-cl.js,
src/ngLocale/angular-locale_ar-001.js,
src/ngLocale/angular-locale_saq-ke.js,
src/ngLocale/angular-locale_nus.js,
src/ngLocale/angular-locale_lag-tz.js,
src/ngLocale/angular-locale_en-mp.js,
src/ngLocale/angular-locale_af-na.js,
src/ngLocale/angular-locale_shi.js,
src/ngLocale/angular-locale_fi.js,
src/ngLocale/angular-locale_en-sg.js,
src/ngLocale/angular-locale_ha-gh.js,
src/ngLocale/angular-locale_en-il.js,
src/ngLocale/angular-locale_nl-bq.js,
src/ngLocale/angular-locale_ar-om.js,
src/ngLocale/angular-locale_pt-gw.js,
src/ngLocale/angular-locale_fr.js,
src/ngLocale/angular-locale_rn.js,
src/ngLocale/angular-locale_en-to.js,
src/ngLocale/angular-locale_zh-hans-cn.js,
src/ngLocale/angular-locale_id-id.js,
src/ngLocale/angular-locale_yo.js,
src/ngLocale/angular-locale_vo.js,
src/ngLocale/angular-locale_es-uy.js,
src/ngLocale/angular-locale_nl-be.js,
src/ngLocale/angular-locale_ca-fr.js,
src/ngLocale/angular-locale_az-latn.js,
src/ngLocale/angular-locale_ur-pk.js,
src/ngLocale/angular-locale_sr-cyrl-me.js,
src/ngLocale/angular-locale_nb-sj.js,
src/ngLocale/angular-locale_fur.js,
src/ngLocale/angular-locale_ar-ma.js,
src/ngLocale/angular-locale_de-at.js,
src/ngLocale/angular-locale_hr-hr.js,
src/ngLocale/angular-locale_en-xa.js,
src/ngLocale/angular-locale_yo-ng.js,
src/ngLocale/angular-locale_lt.js,
src/ngLocale/angular-locale_ur-in.js,
src/ngLocale/angular-locale_mas-tz.js,
src/ngLocale/angular-locale_rwk-tz.js,
src/ngLocale/angular-locale_ksf-cm.js,
src/ngLocale/angular-locale_fr-tg.js,
src/ngLocale/angular-locale_en-nl.js,
src/ngLocale/angular-locale_jgo-cm.js,
src/ngLocale/angular-locale_sv.js,
src/ngLocale/angular-locale_en-kn.js,
src/ngLocale/angular-locale_si-lk.js,
src/ngLocale/angular-locale_ky-kg.js,
src/ngLocale/angular-locale_iw.js,
src/ngLocale/angular-locale_mt.js,
src/ngLocale/angular-locale_pt-mz.js,
src/ngLocale/angular-locale_mgh.js,
src/ngLocale/angular-locale_en-lr.js,
src/ngLocale/angular-locale_es-pr.js,
src/ngLocale/angular-locale_nn-no.js,
src/ngLocale/angular-locale_uz-arab-af.js,
src/ngLocale/angular-locale_es-ve.js,
src/ngLocale/angular-locale_gd.js,
src/ngLocale/angular-locale_es-ar.js,
src/ngLocale/angular-locale_yo-bj.js,
src/ngLocale/angular-locale_vai-latn.js,
src/ngLocale/angular-locale_naq.js,
src/ngLocale/angular-locale_ff.js,
src/ngLocale/angular-locale_en-vi.js,
src/ngLocale/angular-locale_lb-lu.js,
src/ngLocale/angular-locale_gu.js,
src/ngLocale/angular-locale_pa-guru-in.js,
src/ngLocale/angular-locale_my.js,
src/ngLocale/angular-locale_gd-gb.js,
src/ngLocale/angular-locale_ksb-tz.js,
src/ngLocale/angular-locale_ta.js,
src/ngLocale/angular-locale_ar-jo.js,
src/ngLocale/angular-locale_ms.js,
src/ngLocale/angular-locale_ast-es.js,
src/ngLocale/angular-locale_en-iso.js,
src/ngLocale/angular-locale_no-no.js,
src/ngLocale/angular-locale_ar-sy.js,
src/ngLocale/angular-locale_en-ws.js,
src/ngLocale/angular-locale_ar-sa.js,
src/ngLocale/angular-locale_ses.js,
src/ngLocale/angular-locale_bn.js,
src/ngLocale/angular-locale_shi-tfng-ma.js,
src/ngLocale/angular-locale_en-nz.js,
src/ngLocale/angular-locale_en-sb.js,
src/ngLocale/angular-locale_cs.js,
src/ngLocale/angular-locale_tr.js,
src/ngLocale/angular-locale_es-es.js,
src/ngLocale/angular-locale_pl.js,
src/ngLocale/angular-locale_nnh.js,
src/ngLocale/angular-locale_fil.js,
src/ngLocale/angular-locale_en-ls.js,
src/ngLocale/angular-locale_da-dk.js,
src/ngLocale/angular-locale_pt-tl.js,
src/ngLocale/angular-locale_he-il.js,
src/ngLocale/angular-locale_en-pk.js,
src/ngLocale/angular-locale_bg-bg.js,
src/ngLocale/angular-locale_sr-cyrl-xk.js,
src/ngLocale/angular-locale_ca-es.js,
src/ngLocale/angular-locale_en-pr.js,
src/ngLocale/angular-locale_en-bm.js,
src/ngLocale/angular-locale_ar-xb.js,
src/ngLocale/angular-locale_ii-cn.js,
src/ngLocale/angular-locale_cu-ru.js,
src/ngLocale/angular-locale_ar-tn.js,
src/ngLocale/angular-locale_ha.js,
src/ngLocale/angular-locale_bn-bd.js,
src/ngLocale/angular-locale_kln-ke.js,
src/ngLocale/angular-locale_nl.js,
src/ngLocale/angular-locale_en-ss.js,
src/ngLocale/angular-locale_en-150.js,
src/ngLocale/angular-locale_ti-et.js,
src/ngLocale/angular-locale_so-et.js,
src/ngLocale/angular-locale_en-us-posix.js,
src/ngLocale/angular-locale_en-au.js,
src/ngLocale/angular-locale_ru-kg.js,
src/ngLocale/angular-locale_ar-er.js,
src/ngLocale/angular-locale_bm.js,
src/ngLocale/angular-locale_mk.js,
src/ngLocale/angular-locale_fr-gf.js,
src/ngLocale/angular-locale_lu-cd.js,
src/ngLocale/angular-locale_es-ec.js,
src/ngLocale/angular-locale_es-pa.js,
src/ngLocale/angular-locale_ar-iq.js,
src/ngLocale/angular-locale_kk-kz.js,
src/ngLocale/angular-locale_ig.js,
src/ngLocale/angular-locale_en-vc.js,
src/ngLocale/angular-locale_nds-de.js,
src/ngLocale/angular-locale_ff-mr.js,
src/ngLocale/angular-locale_yi.js,
src/ngLocale/angular-locale_mas.js,
src/ngLocale/angular-locale_en-bb.js,
src/ngLocale/angular-locale_es-br.js,
src/ngLocale/angular-locale_twq.js,
src/ngLocale/angular-locale_he.js,
src/ngLocale/angular-locale_de-lu.js,
src/ngLocale/angular-locale_en-be.js,
src/ngLocale/angular-locale_pt-lu.js,
src/ngLocale/angular-locale_mgo.js,
src/ngLocale/angular-locale_et.js,
src/ngLocale/angular-locale_sq-mk.js,
src/ngLocale/angular-locale_eu.js,
src/ngLocale/angular-locale_lkt.js,
src/ngLocale/angular-locale_tr-tr.js,
src/ngLocale/angular-locale_sq-xk.js,
src/ngLocale/angular-locale_fr-bi.js,
src/ngLocale/angular-locale_dz.js,
src/ngLocale/angular-locale_luo.js,
src/ngLocale/angular-locale_my-mm.js,
src/ngLocale/angular-locale_de-de.js,
src/ngLocale/angular-locale_ig-ng.js,
src/ngLocale/angular-locale_fr-ch.js,
src/ngLocale/angular-locale_eo-001.js,
src/ngLocale/angular-locale_mzn-ir.js,
src/ngLocale/angular-locale_sr-latn-rs.js,
src/ngLocale/angular-locale_sr-latn-xk.js,
src/ngLocale/angular-locale_om-ke.js,
src/ngLocale/angular-locale_gu-in.js,
src/ngLocale/angular-locale_kea.js,
src/ngLocale/angular-locale_or-in.js,
src/ngLocale/angular-locale_se-no.js,
src/ngLocale/angular-locale_ca-ad.js,
src/ngLocale/angular-locale_en-vg.js,
src/ngLocale/angular-locale_en-gg.js,
src/ngLocale/angular-locale_vo-001.js,
src/ngLocale/angular-locale_kde-tz.js,
src/ngLocale/angular-locale_pa-guru.js,
src/ngLocale/angular-locale_si.js,
src/ngLocale/angular-locale_ar-td.js,
src/ngLocale/angular-locale_sl-si.js,
src/ngLocale/angular-locale_pa-arab-pk.js,
src/ngLocale/angular-locale_lo-la.js,
src/ngLocale/angular-locale_sr-cyrl-ba.js,
src/ngLocale/angular-locale_mr.js,
src/ngLocale/angular-locale_pt-mo.js,
src/ngLocale/angular-locale_gl.js,
src/ngLocale/angular-locale_tr-cy.js,
src/ngLocale/angular-locale_ko-kp.js,
src/ngLocale/angular-locale_to-to.js,
src/ngLocale/angular-locale_zh-hant.js,
src/ngLocale/angular-locale_cu.js,
src/ngLocale/angular-locale_lu.js,
src/ngLocale/angular-locale_es-cr.js,
src/ngLocale/angular-locale_th.js,
src/ngLocale/angular-locale_qu-pe.js,
src/ngLocale/angular-locale_ln-cf.js,
src/ngLocale/angular-locale_en-dk.js,
src/ngLocale/angular-locale_fr-mg.js,
src/ngLocale/angular-locale_ru-ua.js,
src/ngLocale/angular-locale_th-th.js,
src/ngLocale/angular-locale_sr-latn.js,
src/ngLocale/angular-locale_bs-latn-ba.js,
src/ngLocale/angular-locale_en-fi.js,
src/ngLocale/angular-locale_cgg.js,
src/ngLocale/angular-locale_az-cyrl.js,
src/ngLocale/angular-locale_os-ru.js,
src/ngLocale/angular-locale_de-it.js,
src/ngLocale/angular-locale_ar-ss.js,
src/ngLocale/angular-locale_gsw.js,
src/ngLocale/angular-locale_no.js,
src/ngLocale/angular-locale_en-ki.js,
src/ngLocale/angular-locale_haw-us.js,
src/ngLocale/angular-locale_ckb-latn.js,
src/ngLocale/angular-locale_zh-hans-mo.js,
src/ngLocale/angular-locale_nnh-cm.js,
src/ngLocale/angular-locale_chr-us.js,
src/ngLocale/angular-locale_ki-ke.js,
src/ngLocale/angular-locale_es-pe.js,
src/ngLocale/angular-locale_es-cu.js,
src/ngLocale/angular-locale_en-pg.js,
src/ngLocale/angular-locale_ak.js,
src/ngLocale/angular-locale_mg-mg.js,
src/ngLocale/angular-locale_gl-es.js,
src/ngLocale/angular-locale_tk.js,
src/ngLocale/angular-locale_es-419.js,
src/ngLocale/angular-locale_en-bi.js,
src/ngLocale/angular-locale_ee-gh.js,
src/ngLocale/angular-locale_fa-af.js,
src/ngLocale/angular-locale_sv-se.js,
src/ngLocale/angular-locale_kn.js,
src/ngLocale/angular-locale_pa-arab.js,
src/ngLocale/angular-locale_fy-nl.js,
src/ngLocale/angular-locale_ta-sg.js,
src/ngLocale/angular-locale_cgg-ug.js,
src/ngLocale/angular-locale_vi-vn.js,
src/ngLocale/angular-locale_yue.js,
src/ngLocale/angular-locale_to.js,
src/ngLocale/angular-locale_nmg.js,
src/ngLocale/angular-locale_mua.js,
src/ngLocale/angular-locale_vai-latn-lr.js,
src/ngLocale/angular-locale_en-at.js,
src/ngLocale/angular-locale_ln-cg.js,
src/ngLocale/angular-locale_ar-qa.js,
src/ngLocale/angular-locale_ar-so.js,
src/ngLocale/angular-locale_eo.js,
src/ngLocale/angular-locale_en-us.js,
src/ngLocale/angular-locale_ca-it.js,
src/ngLocale/angular-locale_sw-cd.js,
src/ngLocale/angular-locale_sn-zw.js,
src/ngLocale/angular-locale_kde.js,
src/ngLocale/angular-locale_lb.js,
src/ngLocale/angular-locale_is-is.js,
src/ngLocale/angular-locale_asa-tz.js,
src/ngLocale/angular-locale_fil-ph.js,
src/ngLocale/angular-locale_it-ch.js,
src/ngLocale/angular-locale_qu-bo.js,
src/ngLocale/angular-locale_dyo.js,
src/ngLocale/angular-locale_ro.js,
src/ngLocale/angular-locale_cy.js,
src/ngLocale/angular-locale_sr-latn-me.js,
src/ngLocale/angular-locale_rw.js,
src/ngLocale/angular-locale_et-ee.js,
src/ngLocale/angular-locale_es-hn.js,
src/ngLocale/angular-locale_kk.js,
src/ngLocale/angular-locale_zh-hans-hk.js,
src/ngLocale/angular-locale_fr-gp.js,
src/ngLocale/angular-locale_en-nr.js,
src/ngLocale/angular-locale_vun.js,
src/ngLocale/angular-locale_fr-fr.js,
src/ngLocale/angular-locale_bs-latn.js,
src/ngLocale/angular-locale_ml-in.js,
src/ngLocale/angular-locale_en-sh.js,
src/ngLocale/angular-locale_ga.js,
src/ngLocale/angular-locale_as.js,
src/ngLocale/angular-locale_fr-bl.js,
src/ngLocale/angular-locale_ar-bh.js,
src/ngLocale/angular-locale_en-tc.js,
src/ngLocale/angular-locale_ebu-ke.js,
src/ngLocale/angular-locale_twq-ne.js,
src/ngLocale/angular-locale_pt-ao.js,
src/ngLocale/angular-locale_pt-br.js,
src/ngLocale/angular-locale_zh-hant-mo.js,
src/ngLocale/angular-locale_sq-al.js,
src/ngLocale/angular-locale_ce-ru.js,
src/ngLocale/angular-locale_kn-in.js,
src/ngLocale/angular-locale_en-jm.js,
src/ngLocale/angular-locale_en-gb.js,
src/ngLocale/angular-locale_haw.js,
src/ngLocale/angular-locale_ff-sn.js,
src/ngLocale/angular-locale_ee.js,
src/ngLocale/angular-locale_te-in.js,
src/ngLocale/angular-locale_nb-no.js,
src/ngLocale/angular-locale_mr-in.js,
src/ngLocale/angular-locale_en-ph.js,
src/ngLocale/angular-locale_nl-aw.js,
src/ngLocale/angular-locale_luy.js,
src/ngLocale/angular-locale_fr-rw.js,
src/ngLocale/angular-locale_ff-cm.js,
src/ngLocale/angular-locale_sr-latn-ba.js,
src/ngLocale/angular-locale_kkj.js,
src/ngLocale/angular-locale_seh.js,
src/ngLocale/angular-locale_ur.js,
src/ngLocale/angular-locale_gv.js,
src/ngLocale/angular-locale_kab.js,
src/ngLocale/angular-locale_shi-latn.js,
src/ngLocale/angular-locale_teo-ke.js,
src/ngLocale/angular-locale_zh-cn.js,
src/ngLocale/angular-locale_en-mg.js,
src/ngLocale/angular-locale_nyn-ug.js,
src/ngLocale/angular-locale_dz-bt.js,
src/ngLocale/angular-locale_es-us.js,
src/ngLocale/angular-locale_en-er.js,
src/ngLocale/angular-locale_tk-tm.js,
src/ngLocale/angular-locale_xog.js,
src/ngLocale/angular-locale_az.js,
src/ngLocale/angular-locale_sw-ug.js,
src/ngLocale/angular-locale_ko.js,
src/ngLocale/angular-locale_ki.js,
src/ngLocale/angular-locale_fr-ca.js,
src/ngLocale/angular-locale_qu.js,
src/ngLocale/angular-locale_ha-ne.js,
src/ngLocale/angular-locale_ar-mr.js,
src/ngLocale/angular-locale_mgh-mz.js,
src/ngLocale/angular-locale_en-io.js,
src/ngLocale/angular-locale_ko-kr.js,
src/ngLocale/angular-locale_it.js,
src/ngLocale/angular-locale_mer-ke.js,
src/ngLocale/angular-locale_pt-pt.js,
src/ngLocale/angular-locale_fr-cd.js,
src/ngLocale/angular-locale_sbp.js,
src/ngLocale/angular-locale_en-lc.js,
src/ngLocale/angular-locale_en-tz.js,
src/ngLocale/angular-locale_hi-in.js,
src/ngLocale/angular-locale_bas-cm.js,
src/ngLocale/angular-locale_en-se.js,
src/ngLocale/angular-locale_hr.js,
src/ngLocale/angular-locale_hsb-de.js,
src/ngLocale/angular-locale_fr-pf.js,
src/ngLocale/angular-locale_en-za.js,
src/ngLocale/angular-locale_en-sx.js,
src/ngLocale/angular-locale_ar-eg.js,
src/ngLocale/angular-locale_ln.js,
src/ngLocale/angular-locale_en-si.js,
src/ngLocale/angular-locale_eu-es.js,
src/ngLocale/angular-locale_en-ms.js,
src/ngLocale/angular-locale_it-va.js,
src/ngLocale/angular-locale_nds.js,
src/ngLocale/angular-locale_kkj-cm.js,
src/ngLocale/angular-locale_sg-cf.js,
src/ngLocale/angular-locale_bs-cyrl-ba.js,
src/ngLocale/angular-locale_ug.js,
src/ngLocale/angular-locale_zh-hant-hk.js,
src/ngLocale/angular-locale_en-ca.js,
src/ngLocale/angular-locale_ti.js,
src/ngLocale/angular-locale_smn-fi.js,
src/ngLocale/angular-locale_fr-wf.js,
src/ngLocale/angular-locale_gv-im.js,
src/ngLocale/angular-locale_en-nu.js,
src/ngLocale/angular-locale_pa.js,
src/ngLocale/angular-locale_zgh-ma.js,
src/ngLocale/angular-locale_bs.js,
src/ngLocale/angular-locale_fr-lu.js,
src/ngLocale/angular-locale_bez-tz.js,
src/ngLocale/angular-locale_mgo-cm.js,
src/ngLocale/angular-locale_mn.js,
src/ngLocale/angular-locale_af.js,
src/ngLocale/angular-locale_es-ph.js,
src/ngLocale/angular-locale_hi.js,
src/ngLocale/angular-locale_is.js,
src/ngLocale/angular-locale_dje.js,
src/ngLocale/angular-locale_dje-ne.js,
src/ngLocale/angular-locale_mas-ke.js,
src/ngLocale/angular-locale_mfe.js,
src/ngLocale/angular-locale_khq.js,
src/ngLocale/angular-locale_so.js,
src/ngLocale/angular-locale_wae.js,
src/ngLocale/angular-locale_en-pw.js,
src/ngLocale/angular-locale_uz-arab.js,
src/ngLocale/angular-locale_en-cy.js,
src/ngLocale/angular-locale_dsb-de.js,
src/ngLocale/angular-locale_en-pn.js,
src/ngLocale/angular-locale_fr-dz.js,
src/ngLocale/angular-locale_luo-ke.js,
src/ngLocale/angular-locale_ewo-cm.js,
src/ngLocale/angular-locale_sbp-tz.js,
src/ngLocale/angular-locale_tl.js,
src/ngLocale/angular-locale_ru-ru.js,
src/ngLocale/angular-locale_xog-ug.js,
src/ngLocale/angular-locale_rm-ch.js,
src/ngLocale/angular-locale_ne.js,
src/ngLocale/angular-locale_hsb.js,
src/ngLocale/angular-locale_guz.js,
src/ngLocale/angular-locale_az-latn-az.js,
src/ngLocale/angular-locale_uz-latn.js,
src/ngLocale/angular-locale_mzn.js,
src/ngLocale/angular-locale_lrc-iq.js,
src/ngLocale/angular-locale_fr-sy.js,
src/ngLocale/angular-locale_fr-ne.js,
src/apis.js,
src/ngComponentRouter/Router.js,
src/ngResource/resource.js,
src/shallowCopy.js,
protractor-jenkins-conf.js,
