locale/pt-br.js,
locale/fo.js,
locale/ar-dz.js,
locale/ko.js,
locale/ta.js,
locale/cs.js,
locale/es.js,
locale/lo.js,
locale/tlh.js,
locale/my.js,
locale/sv.js,
locale/eu.js,
locale/da.js,
locale/lv.js,
locale/kn.js,
locale/ro.js,
locale/hr.js,
locale/x-pseudo.js,
locale/af.js,
locale/es-us.js,
locale/zh-cn.js,
locale/en-SG.js,
locale/ky.js,
locale/ga.js,
locale/pt.js,
locale/de.js,
locale/gd.js,
locale/gl.js,
locale/ru.js,
locale/mn.js,
locale/hu.js,
locale/ar.js,
locale/nb.js,
locale/hi.js,
locale/az.js,
locale/fr-ch.js,
locale/fr-ca.js,
locale/en-au.js,
locale/me.js,
locale/ar-kw.js,
locale/en-nz.js,
locale/pl.js,
locale/ne.js,
locale/bg.js,
locale/he.js,
locale/ca.js,
locale/se.js,
locale/tet.js,
locale/nl-be.js,
locale/yo.js,
locale/uz-latn.js,
locale/sq.js,
locale/fa.js,
locale/ar-ly.js,
locale/tl-ph.js,
locale/nl.js,
locale/sw.js,
locale/ug-cn.js,
locale/cy.js,
locale/tzm.js,
locale/mk.js,
locale/be.js,
locale/fr.js,
locale/hy-am.js,
locale/lb.js,
locale/sl.js,
locale/fy.js,
locale/en-gb.js,
locale/ur.js,
locale/gom-latn.js,
locale/bn.js,
locale/ka.js,
locale/ku.js,
locale/id.js,
locale/ms-my.js,
locale/lt.js,
locale/uz.js,
locale/it-ch.js,
locale/en-il.js,
locale/ms.js,
locale/pa-in.js,
locale/mr.js,
locale/uk.js,
locale/sr-cyrl.js,
locale/ja.js,
locale/dv.js,
locale/bo.js,
locale/ml.js,
locale/nn.js,
locale/ar-ma.js,
locale/jv.js,
locale/et.js,
locale/de-at.js,
locale/tg.js,
locale/en-ie.js,
locale/ss.js,
locale/bs.js,
locale/zh-hk.js,
locale/mi.js,
locale/zh-tw.js,
locale/is.js,
locale/br.js,
locale/bm.js,
locale/it.js,
locale/vi.js,
locale/de-ch.js,
locale/km.js,
locale/si.js,
locale/sr.js,
locale/el.js,
locale/sk.js,
locale/sd.js,
locale/fi.js,
locale/tzl.js,
locale/tzm-latn.js,
locale/ar-sa.js,
locale/en-ca.js,
locale/mt.js,
locale/te.js,
locale/th.js,
locale/eo.js,
locale/cv.js,
locale/ar-tn.js,
locale/gu.js,
locale/tr.js,
locale/es-do.js,
locale/kk.js,
meteor/moment.js,
meteor/package.js,
meteor/test.js,
meteor/export.js,
min/moment-with-locales.min.js,
min/moment.min.js,
min/locales.min.js,
min/locales.js,
min/tests.js,
min/moment-with-locales.js,
moment.js,
templates/locale-header.js,
templates/default.js,
templates/test-header.js,
package.js,
moment.d.ts,
benchmarks/subtract.js,
benchmarks/endOf.js,
benchmarks/clone.js,
benchmarks/isObjectEmpty.js,
benchmarks/add.js,
benchmarks/startOf.js,
benchmarks/query.js,
benchmarks/makeDuration.js,
benchmarks/zeroFill.js,
benchmarks/fromDateUtc.js,
benchmarks/fromDate.js,
tasks/qtest.js,
tasks/update_index.js,
tasks/transpile.js,"moment";', '";'; 
tasks/check_sauce_creds.js,
tasks/component.js,
tasks/bump_version.js,
tasks/nuget.js,--sync 
typing-tests/moment-tests.ts,require('.moment'); 
ender.js,
scripts/locales.js,
Gruntfile.js,
src/locale/pt-br.js,'.moment'; 
src/locale/fo.js,'.moment'; 
src/locale/ar-dz.js,'.moment'; 
src/locale/ko.js,'.moment'; 
src/locale/ta.js,'.moment'; 
src/locale/cs.js,'.moment'; 
src/locale/es.js,'.moment'; 
src/locale/lo.js,'.moment'; 
src/locale/tlh.js,'.moment'; 
src/locale/my.js,'.moment'; 
src/locale/sv.js,'.moment'; 
src/locale/eu.js,'.moment'; 
src/locale/da.js,'.moment'; 
src/locale/lv.js,'.moment'; 
src/locale/kn.js,'.moment'; 
src/locale/ro.js,'.moment'; 
src/locale/hr.js,'.moment'; 
src/locale/x-pseudo.js,'.moment'; 
src/locale/af.js,'.moment'; 
src/locale/es-us.js,'.moment'; 
src/locale/zh-cn.js,'.moment'; 
src/locale/ky.js,'.moment'; 
src/locale/ga.js,'.moment'; 
src/locale/pt.js,'.moment'; 
src/locale/de.js,'.moment'; 
src/locale/gd.js,'.moment'; 
src/locale/gl.js,'.moment'; 
src/locale/ru.js,'.moment'; 
src/locale/mn.js,'.moment'; 
src/locale/hu.js,'.moment'; 
src/locale/ar.js,'.moment'; 
src/locale/nb.js,'.moment'; 
src/locale/hi.js,'.moment'; 
src/locale/az.js,'.moment'; 
src/locale/fr-ch.js,'.moment'; 
src/locale/fr-ca.js,'.moment'; 
src/locale/en-au.js,'.moment'; 
src/locale/me.js,'.moment'; 
src/locale/ar-kw.js,'.moment'; 
src/locale/en-nz.js,'.moment'; 
src/locale/pl.js,'.moment'; 
src/locale/ne.js,'.moment'; 
src/locale/bg.js,'.moment'; 
src/locale/he.js,'.moment'; 
src/locale/ca.js,'.moment'; 
src/locale/se.js,'.moment'; 
src/locale/tet.js,'.moment'; 
src/locale/nl-be.js,'.moment'; 
src/locale/yo.js,'.moment'; 
src/locale/uz-latn.js,'.moment'; 
src/locale/sq.js,'.moment'; 
src/locale/fa.js,'.moment'; 
src/locale/ar-ly.js,'.moment'; 
src/locale/tl-ph.js,'.moment'; 
src/locale/nl.js,'.moment'; 
src/locale/sw.js,'.moment'; 
src/locale/ug-cn.js,'.moment'; 
src/locale/cy.js,'.moment'; 
src/locale/tzm.js,'.moment'; 
src/locale/mk.js,'.moment'; 
src/locale/be.js,'.moment'; 
src/locale/fr.js,'.moment'; 
src/locale/hy-am.js,'.moment'; 
src/locale/lb.js,'.moment'; 
src/locale/sl.js,'.moment'; 
src/locale/fy.js,'.moment'; 
src/locale/en-gb.js,'.moment'; 
src/locale/ur.js,'.moment'; 
src/locale/gom-latn.js,'.moment'; 
src/locale/bn.js,'.moment'; 
src/locale/ka.js,'.moment'; 
src/locale/ku.js,'.moment'; 
src/locale/id.js,'.moment'; 
src/locale/ms-my.js,'.moment'; 
src/locale/lt.js,'.moment'; 
src/locale/uz.js,'.moment'; 
src/locale/it-ch.js,'.moment'; 
src/locale/en-il.js,'.moment'; 
src/locale/ms.js,'.moment'; 
src/locale/pa-in.js,'.moment'; 
src/locale/mr.js,'.moment'; 
src/locale/uk.js,'.moment'; 
src/locale/sr-cyrl.js,'.moment'; 
src/locale/ja.js,'.moment'; 
src/locale/dv.js,'.moment'; 
src/locale/bo.js,'.moment'; 
src/locale/ml.js,'.moment'; 
src/locale/nn.js,'.moment'; 
src/locale/ar-ma.js,'.moment'; 
src/locale/jv.js,'.moment'; 
src/locale/et.js,'.moment'; 
src/locale/de-at.js,'.moment'; 
src/locale/tg.js,'.moment'; 
src/locale/en-ie.js,'.moment'; 
src/locale/ss.js,'.moment'; 
src/locale/en-sg.js,'.moment'; 
src/locale/bs.js,'.moment'; 
src/locale/zh-hk.js,'.moment'; 
src/locale/mi.js,'.moment'; 
src/locale/zh-tw.js,'.moment'; 
src/locale/is.js,'.moment'; 
src/locale/br.js,'.moment'; 
src/locale/bm.js,'.moment'; 
src/locale/it.js,'.moment'; 
src/locale/vi.js,'.moment'; 
src/locale/de-ch.js,'.moment'; 
src/locale/km.js,'.moment'; 
src/locale/si.js,'.moment'; 
src/locale/sr.js,'.moment'; 
src/locale/el.js,'.moment'; '.lib/utils/is-function'; 
src/locale/sk.js,'.moment'; 
src/locale/sd.js,'.moment'; 
src/locale/fi.js,'.moment'; 
src/locale/tzl.js,'.moment'; 
src/locale/tzm-latn.js,'.moment'; 
src/locale/ar-sa.js,'.moment'; 
src/locale/en-ca.js,'.moment'; 
src/locale/mt.js,'.moment'; 
src/locale/te.js,'.moment'; 
src/locale/oc-lnc.js,'.moment'; 
src/locale/th.js,'.moment'; 
src/locale/eo.js,'.moment'; 
src/locale/cv.js,'.moment'; 
src/locale/ar-tn.js,'.moment'; 
src/locale/gu.js,'.moment'; 
src/locale/tr.js,'.moment'; 
src/locale/es-do.js,'.moment'; 
src/locale/kk.js,'.moment'; 
src/lib/locale/ordinal.js,
src/lib/locale/set.js,'.utils/is-function'; '.utils/extend'; '.utils/is-object'; '.utils/has-own-prop'; 
src/lib/locale/locale.js,'prototype'; { { '.utils/deprecate'; '.utils/hooks'; 'en'; 
src/lib/locale/pre-post-format.js,
src/lib/locale/prototype.js,'constructor'; 'calendar'; 'formats'; 'invalid'; 'ordinal'; 'pre-post-format'; 'relative'; 'set'; { '.units/week'; { '.units/hour'; 
src/lib/locale/calendar.js,'.utils/is-function'; 
src/lib/locale/constructor.js,
src/lib/locale/base-config.js,'calendar'; 'formats'; 'invalid'; 'ordinal'; 'relative'; { '.units/week'; { '.units/hour'; 
src/lib/locale/invalid.js,
src/lib/locale/relative.js,'.utils/is-function'; 
src/lib/locale/locales.js,'.utils/is-array'; '.utils/has-own-prop'; '.utils/is-undefined'; '.utils/compare-arrays'; '.utils/deprecate'; 'set'; 'constructor'; '.utils/keys'; 'base-config'; 
src/lib/locale/formats.js,
src/lib/locale/lists.js,'.utils/is-number'; 'locales'; '.create/utc'; 
src/lib/locale/en.js,'prototype'; 'locales'; '.utils/to-int'; 
src/lib/format/format.js,'.utils/zero-fill'; '.utils/is-function'; 
src/lib/create/check-overflow.js,'.units/month'; '.units/constants'; '.create/parsing-flags'; 
src/lib/create/from-array.js,'.utils/hooks'; 'date-from-array'; '.units/year'; '.units/week-calendar-utils'; '.units/constants'; 'local'; '.utils/defaults'; 'parsing-flags'; 
src/lib/create/from-anything.js,'.utils/is-array'; '.utils/is-object'; '.utils/is-object-empty'; '.utils/is-undefined'; '.utils/is-number'; '.utils/is-date'; '.utils/map'; 'valid'; '.moment/constructor'; '.locale/locales'; '.utils/hooks'; 'check-overflow'; 'valid'; 'from-string-and-array'; 'from-string-and-format'; 'from-string'; 'from-array'; 'from-object'; 
src/lib/create/from-string-and-format.js,'from-string'; 'from-array'; '.parse/regex'; '.parse/token'; '.format/format'; 'check-overflow'; '.units/constants'; '.utils/hooks'; 'parsing-flags'; 
src/lib/create/local.js,'from-anything'; 
src/lib/create/parsing-flags.js,
src/lib/create/date-from-array.js,
src/lib/create/from-string.js,'from-string-and-format'; 'date-from-array'; 'from-array'; '.utils/hooks'; '.utils/deprecate'; 'parsing-flags'; '.units/month'; '.units/day-of-week'; 
src/lib/create/utc.js,'from-anything'; 
src/lib/create/valid.js,'.utils/extend'; 'utc'; '.create/parsing-flags'; '.utils/some'; 
src/lib/create/from-object.js,'.units/aliases'; 'from-array'; '.utils/map'; 
src/lib/create/from-string-and-array.js,'.moment/constructor'; 'from-string-and-format'; 'parsing-flags'; 'valid'; '.utils/extend'; 
src/lib/parse/token.js,'.utils/has-own-prop'; '.utils/is-number'; '.utils/to-int'; 
src/lib/parse/regex.js,'.utils/has-own-prop'; '.utils/is-function'; 
src/lib/utils/hooks.js,
src/lib/utils/to-int.js,'abs-floor'; 
src/lib/utils/some.js,
src/lib/utils/is-function.js,
src/lib/utils/is-date.js,
src/lib/utils/is-array.js,
src/lib/utils/abs-ceil.js,
src/lib/utils/is-object.js,
src/lib/utils/abs-round.js,
src/lib/utils/is-number.js,
src/lib/utils/keys.js,'has-own-prop'; 
src/lib/utils/compare-arrays.js,'to-int'; 
src/lib/utils/is-object-empty.js,
src/lib/utils/zero-fill.js,
src/lib/utils/extend.js,'has-own-prop'; 
src/lib/utils/mod.js,
src/lib/utils/abs-floor.js,
src/lib/utils/is-undefined.js,
src/lib/utils/deprecate.js,'extend'; 'hooks'; 'is-undefined'; 
src/lib/utils/map.js,
src/lib/utils/defaults.js,
src/lib/utils/index-of.js,
src/lib/utils/has-own-prop.js,
src/lib/duration/clone.js,'create'; 
src/lib/duration/as.js,'bubble'; '.units/aliases'; '.utils/to-int'; 
src/lib/duration/humanize.js,'create'; 
src/lib/duration/duration.js,'prototype'; 'create'; 'constructor'; { 
src/lib/duration/create.js,'constructor'; '.utils/is-number'; '.utils/to-int'; '.utils/abs-round'; '.utils/has-own-prop'; '.units/constants'; '.units/offset'; '.create/local'; 'valid'; 
src/lib/duration/prototype.js,'constructor'; 'abs'; 'add-subtract'; 'as'; 'bubble'; 'clone'; 'get'; 'humanize'; 'iso-string'; '.moment/locale'; 'valid'; '.utils/deprecate'; 
src/lib/duration/constructor.js,'.units/aliases'; '.locale/locales'; 'valid.js'; 
src/lib/duration/add-subtract.js,'create'; 
src/lib/duration/iso-string.js,'.utils/abs-floor'; 
src/lib/duration/get.js,'.units/aliases'; '.utils/abs-floor'; 
src/lib/duration/valid.js,'.utils/to-int'; '.utils/index-of'; 'constructor'; 'create'; 
src/lib/duration/abs.js,
src/lib/duration/bubble.js,'.utils/abs-floor'; '.utils/abs-ceil'; '.create/date-from-array'; 
src/lib/units/month.js,'.moment/get-set'; '.utils/has-own-prop'; '.format/format'; 'aliases'; 'priorities'; '.parse/regex'; '.parse/token'; '.utils/hooks'; 'constants'; '.utils/to-int'; '.utils/is-array'; '.utils/is-number'; '.utils/mod'; '.utils/index-of'; '.create/utc'; '.create/parsing-flags'; '.units/year'; 
src/lib/units/day-of-year.js,'.format/format'; 'aliases'; 'priorities'; '.parse/regex'; 'year'; '.create/date-from-array'; '.parse/token'; '.utils/to-int'; 
src/lib/units/day-of-month.js,'.moment/get-set'; '.format/format'; 'aliases'; 'priorities'; '.parse/regex'; '.parse/token'; 'constants'; '.utils/to-int'; 
src/lib/units/week-calendar-utils.js,'year'; '.create/local'; '.create/date-from-array'; 
src/lib/units/day-of-week.js,'.format/format'; 'aliases'; 'priorities'; '.parse/regex'; '.parse/token'; '.utils/to-int'; '.utils/is-array'; '.utils/index-of'; '.utils/has-own-prop'; '.create/utc'; '.create/parsing-flags'; 
src/lib/units/constants.js,
src/lib/units/timezone.js,'.format/format'; 
src/lib/units/millisecond.js,'.moment/get-set'; '.format/format'; 'aliases'; 'priorities'; '.parse/regex'; '.parse/token'; 'constants'; '.utils/to-int'; 
src/lib/units/priorities.js,
src/lib/units/week-year.js,'.format/format'; 'aliases'; 'priorities'; '.parse/regex'; '.parse/token'; 'week-calendar-utils'; '.utils/to-int'; '.utils/hooks'; '.create/local'; '.create/date-from-array'; 
src/lib/units/week.js,'.format/format'; 'aliases'; 'priorities'; '.parse/regex'; '.parse/token'; '.utils/to-int'; '.create/local'; 'week-calendar-utils'; 
src/lib/units/units.js,'day-of-month'; 'day-of-week'; 'day-of-year'; 'hour'; 'millisecond'; 'minute'; 'month'; 'offset'; 'quarter'; 'second'; 'timestamp'; 'timezone'; 'week-year'; 'week'; 'year'; 'aliases'; 
src/lib/units/second.js,'.moment/get-set'; '.format/format'; 'aliases'; 'priorities'; '.parse/regex'; '.parse/token'; 'constants'; 
src/lib/units/minute.js,'.moment/get-set'; '.format/format'; 'aliases'; 'priorities'; '.parse/regex'; '.parse/token'; 'constants'; 
src/lib/units/hour.js,'.moment/get-set'; '.format/format'; 'aliases'; 'priorities'; '.parse/regex'; '.parse/token'; 'constants'; '.utils/to-int'; '.utils/zero-fill'; '.create/parsing-flags'; 
src/lib/units/quarter.js,'.format/format'; 'aliases'; 'priorities'; '.parse/regex'; '.parse/token'; 'constants'; '.utils/to-int'; 
src/lib/units/offset.js,'.utils/zero-fill'; '.duration/create'; '.moment/add-subtract'; '.moment/constructor'; '.format/format'; '.parse/regex'; '.parse/token'; '.create/local'; '.create/from-anything'; '.create/utc'; '.utils/is-date'; '.utils/to-int'; '.utils/is-undefined'; '.utils/compare-arrays'; '.utils/hooks'; 
src/lib/units/timestamp.js,'.format/format'; '.parse/regex'; '.parse/token'; '.utils/to-int'; 
src/lib/units/year.js,'.moment/get-set'; '.format/format'; 'aliases'; 'priorities'; '.parse/regex'; '.parse/token'; '.utils/hooks'; 'constants'; '.utils/to-int'; 
src/lib/units/aliases.js,'.utils/has-own-prop'; 
src/lib/moment/clone.js,'constructor'; 
src/lib/moment/locale.js,'.locale/locales'; '.utils/deprecate'; 
src/lib/moment/moment.js,'.create/local'; '.create/utc'; '.create/valid'; 'constructor'; 'min-max'; 'now'; 'prototype'; 
src/lib/moment/to.js,'.duration/create'; '.create/local'; '.moment/constructor'; 
src/lib/moment/diff.js,'.utils/abs-floor'; '.units/offset'; '.units/aliases'; 
src/lib/moment/get-set.js,'.units/aliases'; '.units/priorities'; '.utils/hooks'; '.utils/is-function'; '.units/month'; '.units/year'; 
src/lib/moment/prototype.js,'constructor'; 'add-subtract'; 'calendar'; 'clone'; 'compare'; 'diff'; 'format'; 'from'; 'to'; 'get-set'; 'locale'; 'min-max'; 'start-end-of'; 'to-type'; 'valid'; 'creation-data'; '.units/year'; '.units/week-year'; '.units/quarter'; '.units/month'; '.units/week'; '.units/day-of-month'; '.units/day-of-week'; '.units/day-of-year'; '.units/hour'; '.units/minute'; '.units/second'; '.units/millisecond'; { '.units/timezone'; '.utils/deprecate'; 
src/lib/moment/calendar.js,'.create/local'; '.units/offset'; '.utils/is-function'; '.utils/hooks'; 
src/lib/moment/from.js,'.duration/create'; '.create/local'; '.moment/constructor'; 
src/lib/moment/now.js,
src/lib/moment/constructor.js,'.utils/hooks'; '.utils/has-own-prop'; '.utils/is-undefined'; '.create/parsing-flags'; 
src/lib/moment/creation-data.js,
src/lib/moment/add-subtract.js,'get-set'; '.units/month'; '.duration/create'; '.utils/deprecate'; '.utils/hooks'; '.utils/abs-round'; 
src/lib/moment/start-end-of.js,'.units/aliases'; '.utils/hooks'; 
src/lib/moment/min-max.js,'.utils/deprecate'; '.utils/is-array'; '.create/local'; '.create/valid'; 
src/lib/moment/compare.js,'constructor'; '.units/aliases'; '.create/local'; 
src/lib/moment/valid.js,'.create/valid'; '.utils/extend'; '.create/parsing-flags'; 
src/lib/moment/to-type.js,
src/lib/moment/format.js,'.format/format'; '.utils/hooks'; '.utils/is-function'; 
src/moment.js,'lib/utils/hooks'; { { { { 'lib/units/units'; 'lib/utils/is-date'; 
src/test/locale/pt-br.js,'.qunit'; '.qunit-locale'; '..moment'; 
src/test/locale/fo.js,'.qunit'; '.qunit-locale'; '..moment'; 
src/test/locale/ar-dz.js,'.qunit'; '.qunit-locale'; '..moment'; 
src/test/locale/ko.js,'.qunit'; '.qunit-locale'; '..moment'; 
src/test/locale/ta.js,'.qunit'; '.qunit-locale'; '..moment'; 
src/test/locale/cs.js,'.qunit'; '.qunit-locale'; '..moment'; 
src/test/locale/es.js,'.qunit'; '.qunit-locale'; '..moment'; 
src/test/locale/lo.js,'.qunit'; '.qunit-locale'; '..moment'; 
src/test/locale/tlh.js,'.qunit'; '.qunit-locale'; '..moment'; 
src/test/locale/my.js,'.qunit'; '.qunit-locale'; '..moment'; 
src/test/locale/sv.js,'.qunit'; '.qunit-locale'; '..moment'; 
src/test/locale/eu.js,'.qunit'; '.qunit-locale'; '..moment'; 
src/test/locale/da.js,'.qunit'; '.qunit-locale'; '..moment'; 
src/test/locale/lv.js,'.qunit'; '.qunit-locale'; '..moment'; 
src/test/locale/kn.js,'.qunit'; '.qunit-locale'; '..moment'; 
src/test/locale/ro.js,'.qunit'; '.qunit-locale'; '..moment'; 
src/test/locale/hr.js,'.qunit'; '.qunit-locale'; '..moment'; 
src/test/locale/x-pseudo.js,'.qunit'; '.qunit-locale'; '..moment'; 
src/test/locale/af.js,'.qunit'; '.qunit-locale'; '..moment'; 
src/test/locale/es-us.js,'.qunit'; '.qunit-locale'; '..moment'; 
src/test/locale/zh-cn.js,'.qunit'; '.qunit-locale'; '..moment'; 
src/test/locale/ky.js,'.qunit'; '.qunit-locale'; '..moment'; 
src/test/locale/ga.js,'.qunit'; '.qunit-locale'; '..moment'; 
src/test/locale/pt.js,'.qunit'; '.qunit-locale'; '..moment'; 
src/test/locale/de.js,'.qunit'; '.qunit-locale'; '..moment'; 
src/test/locale/gd.js,'.qunit'; '.qunit-locale'; '..moment'; 
src/test/locale/gl.js,'.qunit'; '.qunit-locale'; '..moment'; 
src/test/locale/ru.js,'.qunit'; '.qunit-locale'; '..moment'; 
src/test/locale/mn.js,'.qunit'; '.qunit-locale'; '..moment'; 
src/test/locale/hu.js,'.qunit'; '.qunit-locale'; '..moment'; 
src/test/locale/ar.js,'.qunit'; '.qunit-locale'; '..moment'; 
src/test/locale/nb.js,'.qunit'; '.qunit-locale'; '..moment'; 
src/test/locale/hi.js,'.qunit'; '.qunit-locale'; '..moment'; 
src/test/locale/az.js,'.qunit'; '.qunit-locale'; '..moment'; 
src/test/locale/fr-ch.js,'.qunit'; '.qunit-locale'; '..moment'; 
src/test/locale/fr-ca.js,'.qunit'; '.qunit-locale'; '..moment'; 
src/test/locale/en-au.js,'.qunit'; '.qunit-locale'; '..moment'; 
src/test/locale/me.js,'.qunit'; '.qunit-locale'; '..moment'; 
src/test/locale/ar-kw.js,'.qunit'; '.qunit-locale'; '..moment'; 
src/test/locale/en-nz.js,'.qunit'; '.qunit-locale'; '..moment'; 
src/test/locale/pl.js,'.qunit'; '.qunit-locale'; '..moment'; 
src/test/locale/ne.js,'.qunit'; '.qunit-locale'; '..moment'; 
src/test/locale/bg.js,'.qunit'; '.qunit-locale'; '..moment'; 
src/test/locale/he.js,'.qunit'; '.qunit-locale'; '..moment'; 
src/test/locale/ca.js,'.qunit'; '.qunit-locale'; '..moment'; 
src/test/locale/se.js,'.qunit'; '.qunit-locale'; '..moment'; 
src/test/locale/tet.js,'.qunit'; '.qunit-locale'; '..moment'; 
src/test/locale/nl-be.js,'.qunit'; '.qunit-locale'; '..moment'; 
src/test/locale/yo.js,'.qunit'; '.qunit-locale'; '..moment'; 
src/test/locale/uz-latn.js,'.qunit'; '.qunit-locale'; '..moment'; 
src/test/locale/sq.js,'.qunit'; '.qunit-locale'; '..moment'; 
src/test/locale/fa.js,'.qunit'; '.qunit-locale'; '..moment'; 
src/test/locale/ar-ly.js,'.qunit'; '.qunit-locale'; '..moment'; 
src/test/locale/tl-ph.js,'.qunit'; '.qunit-locale'; '..moment'; 
src/test/locale/nl.js,'.qunit'; '.qunit-locale'; '..moment'; 
src/test/locale/sw.js,'.qunit'; '.qunit-locale'; '..moment'; 
src/test/locale/ug-cn.js,'.qunit'; '.qunit-locale'; '..moment'; 
src/test/locale/cy.js,'.qunit'; '.qunit-locale'; '..moment'; 
src/test/locale/tzm.js,'.qunit'; '.qunit-locale'; '..moment'; 
src/test/locale/mk.js,'.qunit'; '.qunit-locale'; '..moment'; 
src/test/locale/be.js,'.qunit'; '.qunit-locale'; '..moment'; 
src/test/locale/fr.js,'.qunit'; '.qunit-locale'; '..moment'; 
src/test/locale/hy-am.js,'.qunit'; '.qunit-locale'; '..moment'; 
src/test/locale/lb.js,'.qunit'; '.qunit-locale'; '..moment'; 
src/test/locale/sl.js,'.qunit'; '.qunit-locale'; '..moment'; 
src/test/locale/fy.js,'.qunit'; '.qunit-locale'; '..moment'; 
src/test/locale/en-gb.js,'.qunit'; '.qunit-locale'; '..moment'; 
src/test/locale/ur.js,'.qunit'; '.qunit-locale'; '..moment'; 
src/test/locale/gom-latn.js,'.qunit'; '.qunit-locale'; '..moment'; 
src/test/locale/bn.js,'.qunit'; '.qunit-locale'; '..moment'; 
src/test/locale/ka.js,'.qunit'; '.qunit-locale'; '..moment'; 
src/test/locale/ku.js,'.qunit'; '.qunit-locale'; '..moment'; 
src/test/locale/id.js,'.qunit'; '.qunit-locale'; '..moment'; 
src/test/locale/ms-my.js,'.qunit'; '.qunit-locale'; '..moment'; 
src/test/locale/lt.js,'.qunit'; '.qunit-locale'; '..moment'; 
src/test/locale/uz.js,'.qunit'; '.qunit-locale'; '..moment'; 
src/test/locale/it-ch.js,'.qunit'; '.qunit-locale'; '..moment'; 
src/test/locale/en-il.js,'.qunit'; '.qunit-locale'; '..moment'; 
src/test/locale/ms.js,'.qunit'; '.qunit-locale'; '..moment'; 
src/test/locale/pa-in.js,'.qunit'; '.qunit-locale'; '..moment'; 
src/test/locale/mr.js,'.qunit'; '.qunit-locale'; '..moment'; 
src/test/locale/uk.js,'.qunit'; '.qunit-locale'; '..moment'; 
src/test/locale/sr-cyrl.js,'.qunit'; '.qunit-locale'; '..moment'; 
src/test/locale/ja.js,'.qunit'; '.qunit-locale'; '..moment'; 
src/test/locale/dv.js,'.qunit'; '.qunit-locale'; '..moment'; 
src/test/locale/bo.js,'.qunit'; '.qunit-locale'; '..moment'; 
src/test/locale/ml.js,'.qunit'; '.qunit-locale'; '..moment'; 
src/test/locale/nn.js,'.qunit'; '.qunit-locale'; '..moment'; 
src/test/locale/ar-ma.js,'.qunit'; '.qunit-locale'; '..moment'; 
src/test/locale/jv.js,'.qunit'; '.qunit-locale'; '..moment'; 
src/test/locale/et.js,'.qunit'; '.qunit-locale'; '..moment'; 
src/test/locale/de-at.js,'.qunit'; '.qunit-locale'; '..moment'; 
src/test/locale/tg.js,'.qunit'; '.qunit-locale'; '..moment'; 
src/test/locale/en-ie.js,'.qunit'; '.qunit-locale'; '..moment'; 
src/test/locale/ss.js,'.qunit'; '.qunit-locale'; '..moment'; 
src/test/locale/en-sg.js,'.qunit'; '.qunit-locale'; '..moment'; 
src/test/locale/bs.js,'.qunit'; '.qunit-locale'; '..moment'; 
src/test/locale/zh-hk.js,'.qunit'; '.qunit-locale'; '..moment'; 
src/test/locale/mi.js,'.qunit'; '.qunit-locale'; '..moment'; 
src/test/locale/zh-tw.js,'.qunit'; '.qunit-locale'; '..moment'; 
src/test/locale/is.js,'.qunit'; '.qunit-locale'; '..moment'; 
src/test/locale/br.js,'.qunit'; '.qunit-locale'; '..moment'; 
src/test/locale/bm.js,'.qunit'; '.qunit-locale'; '..moment'; 
src/test/locale/it.js,'.qunit'; '.qunit-locale'; '..moment'; 
src/test/locale/vi.js,'.qunit'; '.qunit-locale'; '..moment'; 
src/test/locale/de-ch.js,'.qunit'; '.qunit-locale'; '..moment'; 
src/test/locale/km.js,'.qunit'; '.qunit-locale'; '..moment'; 
src/test/locale/si.js,'.qunit'; '.qunit-locale'; '..moment'; 
src/test/locale/sr.js,'.qunit'; '.qunit-locale'; '..moment'; 
src/test/locale/el.js,'.qunit'; '.qunit-locale'; '..moment'; 
src/test/locale/en.js,'.qunit'; '.qunit-locale'; '..moment'; 
src/test/locale/sk.js,'.qunit'; '.qunit-locale'; '..moment'; 
src/test/locale/sd.js,'.qunit'; '.qunit-locale'; '..moment'; 
src/test/locale/fi.js,'.qunit'; '.qunit-locale'; '..moment'; 
src/test/locale/tzl.js,'.qunit'; '.qunit-locale'; '..moment'; 
src/test/locale/tzm-latn.js,'.qunit'; '.qunit-locale'; '..moment'; 
src/test/locale/ar-sa.js,'.qunit'; '.qunit-locale'; '..moment'; 
src/test/locale/en-ca.js,'.qunit'; '.qunit-locale'; '..moment'; 
src/test/locale/mt.js,'.qunit'; '.qunit-locale'; '..moment'; 
src/test/locale/te.js,'.qunit'; '.qunit-locale'; '..moment'; 
src/test/locale/oc-lnc.js,'.qunit'; '.qunit-locale'; '..moment'; 
src/test/locale/th.js,'.qunit'; '.qunit-locale'; '..moment'; 
src/test/locale/eo.js,'.qunit'; '.qunit-locale'; '..moment'; 
src/test/locale/cv.js,'.qunit'; '.qunit-locale'; '..moment'; 
src/test/locale/ar-tn.js,'.qunit'; '.qunit-locale'; '..moment'; 
src/test/locale/gu.js,'.qunit'; '.qunit-locale'; '..moment'; 
src/test/locale/tr.js,'.qunit'; '.qunit-locale'; '..moment'; 
src/test/locale/es-do.js,'.qunit'; '.qunit-locale'; '..moment'; 
src/test/locale/kk.js,'.qunit'; '.qunit-locale'; '..moment'; 
src/test/qunit-locale.js,'.moment'; 'helpers/common-locale'; 'helpers/deprecation-handler'; 'qunit'; 
src/test/helpers/deprecation-handler.js,'each'; 
src/test/helpers/each.js,
src/test/helpers/object-keys.js,
src/test/helpers/dst.js,'..moment'; 
src/test/helpers/common-locale.js,'.qunit'; 'each'; 'object-keys'; '..moment'; '..lib/utils/defaults'; 
src/test/qunit.js,'.moment'; 'helpers/deprecation-handler'; 
src/test/moment/is_moment.js,'.qunit'; '..moment'; 
src/test/moment/days_in_month.js,'.qunit'; '..moment'; '.helpers/each'; '..lib/units/month'; 
src/test/moment/locale_update.js,'.qunit'; '..moment'; 
src/test/moment/is_same.js,'.qunit'; '..moment'; 
src/test/moment/preparse_postformat.js,'.qunit'; '..moment'; 
src/test/moment/string_prototype.js,'.qunit'; '..moment'; 
src/test/moment/weeks.js,'.qunit'; '..moment'; 
src/test/moment/parsing_flags.js,'.qunit'; '..moment'; 
src/test/moment/locale.js,'.qunit'; '..moment'; '.helpers/each'; '..lib/utils/index-of'; 
src/test/moment/is_date.js,'.qunit'; '..moment'; 
src/test/moment/is_between.js,'.qunit'; '..moment'; 
src/test/moment/duration_invalid.js,'.qunit'; '..moment'; 
src/test/moment/min_max.js,'.qunit'; '..moment'; 
src/test/moment/listers.js,'.qunit'; '..moment'; 
src/test/moment/duration.js,'.qunit'; '..moment'; 
src/test/moment/leapyear.js,'.qunit'; '..moment'; 
src/test/moment/create.js,'.qunit'; '..moment'; 
src/test/moment/duration_from_moments.js,'.qunit'; '..moment'; 
src/test/moment/start_end_of.js,'.qunit'; '..moment'; 
src/test/moment/locale_inheritance.js,'.qunit'; '..moment'; 
src/test/moment/instanceof.js,'.qunit'; '..moment'; 
src/test/moment/diff.js,'.qunit'; '..moment'; 
src/test/moment/days_in_year.js,'.qunit'; '..moment'; 
src/test/moment/calendar.js,'.qunit'; '..moment'; 
src/test/moment/is_number.js,'.qunit'; '..lib/utils/is-number.js'; 
src/test/moment/now.js,'.qunit'; '..moment'; 
src/test/moment/creation-data.js,'.qunit'; '..moment'; 
src/test/moment/is_array.js,'.qunit'; '..lib/utils/is-array.js'; 
src/test/moment/from_to.js,'.qunit'; '..moment'; 
src/test/moment/is_same_or_after.js,'.qunit'; '..moment'; 
src/test/moment/invalid.js,'.qunit'; '..moment'; 
src/test/moment/weeks_in_year.js,'.qunit'; '..moment'; 
src/test/moment/deprecate.js,'.qunit'; '..lib/utils/deprecate'; '..moment'; 
src/test/moment/add_subtract.js,'.qunit'; '..moment'; 
src/test/moment/getters_setters.js,'.qunit'; '..moment'; 
src/test/moment/to_type.js,'.qunit'; '..moment'; 
src/test/moment/utc_offset.js,'.qunit'; '..moment'; 
src/test/moment/utc.js,'.qunit'; '..moment'; 
src/test/moment/quarter.js,'.qunit'; '..moment'; 
src/test/moment/relative_time.js,'.qunit'; '..moment'; 
src/test/moment/zones.js,'.qunit'; '..moment'; 
src/test/moment/is_before.js,'.qunit'; '..moment'; 
src/test/moment/weekday.js,'.qunit'; '..moment'; 
src/test/moment/format.js,'.qunit'; '.helpers/each'; '..moment'; 
src/test/moment/is_valid.js,'.qunit'; '..moment'; 
src/test/moment/is_after.js,'.qunit'; '..moment'; 
src/test/moment/zone_switching.js,'.qunit'; '..moment'; '.helpers/dst'; 
src/test/moment/normalize_units.js,'.qunit'; '..moment'; 
src/test/moment/is_same_or_before.js,'.qunit'; '..moment'; 
src/test/moment/week_year.js,'.qunit'; '..moment'; 
src/test/moment/mutable.js,'.qunit'; '..moment'; 
